mbm_sku,classification,product_name,seed_variant,live_variant,stale,seed_init_ok,live_init_ok,seed_error
MBM-WM-SEM-INJ-001,PASS,"Semaglutide + B6 Injection",variant_4786fced127f,variant_4786fced127f,False,True,True,""
MBM-WM-SEM-INJ-002,PASS,"Semaglutide + B6 Injection",variant_e7e4aa7479b0,variant_e7e4aa7479b0,False,True,True,""
MBM-WM-SEM-INJ-003,PASS,"Semaglutide + B6 Injection",variant_1578824794e6,variant_1578824794e6,False,True,True,""
MBM-WM-SEM-INJ-004,PASS,"Semaglutide + B6 Injection",variant_0858c18b808e,variant_0858c18b808e,False,True,True,""
MBM-WM-TIR-INJ-001,PASS,"Tirzepatide + B6 Injection",variant_8ed93e38d4bb,variant_8ed93e38d4bb,False,True,True,""
MBM-WM-TIR-INJ-002,PASS,"Tirzepatide + B6 Injection",variant_65197b99b7c1,variant_65197b99b7c1,False,True,True,""
MBM-WM-TIR-INJ-003,PASS,"Tirzepatide + B6 Injection",variant_c36104e1b53c,variant_c36104e1b53c,False,True,True,""
MBM-WM-TIR-INJ-004,PASS,"Tirzepatide + B6 Injection",variant_89f15bb9ad30,variant_89f15bb9ad30,False,True,True,""
MBM-WM-FB3-INJ-001,INIT_FAIL,"Fat Burner",variant_ca761e048b82,variant_2c53926ab625,True,False,True,"{\"data\":\"Failed to get checkout URL from session\";\"name\":\"Error\";\"message\":\"Fail"
MBM-HRT-EST-PAT-001,PASS,"Estradiol Patch",variant_77a5809b96cc,variant_77a5809b96cc,False,True,True,""
MBM-HRT-EST-PAT-002,PASS,"Estradiol Patch",variant_96a619fecc8b,variant_96a619fecc8b,False,True,True,""
MBM-HRT-EST-PAT-003,PASS,"Estradiol Patch",variant_48a704f13621,variant_48a704f13621,False,True,True,""
MBM-HRT-PRG-CAP-001,PASS,"Progesterone Capsules",variant_e37d0c490dba,variant_e37d0c490dba,False,True,True,""
MBM-HRT-PRG-CAP-002,PASS,"Progesterone Capsules",variant_bdbc2b9f0ade,variant_bdbc2b9f0ade,False,True,True,""
MBM-HRT-TST-CRM-001,PASS,"Testosterone Cream",variant_39c27962b958,variant_39c27962b958,False,True,True,""
MBM-LON-NAD-INJ-001,PASS,"NAD+ Injection",variant_d2b5be492da2,variant_d2b5be492da2,False,True,True,""
MBM-LON-NAD-INJ-002,PASS,"NAD+ Injection",variant_5085e02375d1,variant_5085e02375d1,False,True,True,""
MBM-LON-SEL-INJ-001,PASS,"Selank Injection",variant_35f9129e2cae,variant_35f9129e2cae,False,True,True,""
MBM-LON-SMX-INJ-001,PASS,"Semax Injection",variant_8f66246f1d44,variant_8f66246f1d44,False,True,True,""
MBM-LON-SSN-NS-001,PASS,"Selank + Semax Blend Nasal Spray",variant_7fa5cf5aab9c,variant_7fa5cf5aab9c,False,True,True,""
MBM-LON-TESA-INJ-001,PASS,"Tesamorelin Injection",variant_2471d74b381b,variant_2471d74b381b,False,True,True,""
MBM-RP-BPC-CAP-001,PASS,"Wolverine: BPC-157/TB-500",variant_5d38654f00fc,variant_5d38654f00fc,False,True,True,""
MBM-RP-BPC-INJ-001,PASS,"Wolverine: BPC-157/TB-500",variant_28a362285cd1,variant_28a362285cd1,False,True,True,""
MBM-SH-TRE-CRM-001,PASS,"Tretinoin Cream",variant_708bb1c9f5f0,variant_708bb1c9f5f0,False,True,True,""
MBM-SH-TRE-CRM-002,PASS,"Tretinoin Cream \u2014 Cream \u00b7 0.05% \u00b7 20g",variant_1988ad508047,variant_1988ad508047,False,True,True,""
MBM-SH-TRE-CRM-003,PASS,"Tretinoin Cream",variant_8f7950e121d1,variant_8f7950e121d1,False,True,True,""
MBM-SH-MIN-SOL-001,PASS,"Minoxidil Combination Topical Formula",variant_f9e5928143c7,variant_f9e5928143c7,False,True,True,""
MBM-SH-BIM-SOL-001,PASS,"Bimatoprost Solution",variant_321ade2267a1,variant_321ade2267a1,False,True,True,""
MBM-PC-IPV-SRV-001,INIT_FAIL,"Initial Provider Visit",variant_08bf53e519ce,variant_3b859fb20d65,True,False,True,"{\"data\":\"Failed to get checkout URL from session\";\"name\":\"Error\";\"message\":\"Fail"
MBM-PC-FUV-SRV-001,INIT_FAIL,"Follow-Up Visit",variant_106332e60747,variant_1478c178bf74,True,False,True,"{\"data\":\"Failed to get checkout URL from session\";\"name\":\"Error\";\"message\":\"Fail"
MBM-PC-LAB-SRV-001,INIT_FAIL,"Laboratory Review",variant_2d2333daacd2,variant_31baa3269d52,True,False,True,"{\"data\":\"Failed to get checkout URL from session\";\"name\":\"Error\";\"message\":\"Fail"
MBM-ACC-CIS-ACC-001,INIT_FAIL,"Complete Injection Starter Kit",variant_45486ee05687,variant_25b12b9aae1b,True,False,True,"{\"data\":\"Failed to get checkout URL from session\";\"name\":\"Error\";\"message\":\"Fail"
MBM-ACC-PPC-ACC-001,INIT_FAIL,"Premium 3D Printed Peptide Case",variant_569b9e1b2e74,variant_48116800da67,True,False,True,"{\"data\":\"Failed to get checkout URL from session\";\"name\":\"Error\";\"message\":\"Fail"
MBM-ACC-TTC-ACC-001,INIT_FAIL,"Temperature-Controlled Travel Case",variant_c53ac76c9bfa,variant_43bdcf3a4e17,True,False,True,"{\"data\":\"Failed to get checkout URL from session\";\"name\":\"Error\";\"message\":\"Fail"
MBM-ACC-DTB-ACC-001,INIT_FAIL,"Discreet Travel Bag",variant_fe0decb81658,variant_edabd42b06f8,True,False,True,"{\"data\":\"Failed to get checkout URL from session\";\"name\":\"Error\";\"message\":\"Fail"
MBM-ACC-ICE-ACC-001,INIT_FAIL,"Reusable Ice Pack",variant_cb4e752ba2e3,variant_23e5502babe8,True,False,True,"{\"data\":\"Failed to get checkout URL from session\";\"name\":\"Error\";\"message\":\"Fail"
MBM-ACC-DWP-ACC-001,INIT_FAIL,"Daily & Weekly Wellness Planner",variant_ae3738e4218b,variant_27365b4b4511,True,False,True,"{\"data\":\"Failed to get checkout URL from session\";\"name\":\"Error\";\"message\":\"Fail"
MBM-ACC-SHP-ACC-001,INIT_FAIL,"Sharps Container",variant_4c2b3a5c3b2c,variant_bbeb618cfa1e,True,False,True,"{\"data\":\"Failed to get checkout URL from session\";\"name\":\"Error\";\"message\":\"Fail"
MBM-ACC-APW-ACC-001,INIT_FAIL,"Alcohol Prep Wipes",variant_6795e334ebee,variant_0ed16f608286,True,False,True,"{\"data\":\"Failed to get checkout URL from session\";\"name\":\"Error\";\"message\":\"Fail"
MBM-ACC-APW-ACC-002,INIT_FAIL,"Alcohol Prep Wipes",variant_70d3e2b18ca8,variant_17a7901f4e51,True,False,True,"{\"data\":\"Failed to get checkout URL from session\";\"name\":\"Error\";\"message\":\"Fail"
MBM-ACC-PIS-ACC-001,INIT_FAIL,"Premium Insulin Syringes",variant_2b159acf7906,variant_33d8970be874,True,False,True,"{\"data\":\"Failed to get checkout URL from session\";\"name\":\"Error\";\"message\":\"Fail"
MBM-ACC-PIS-ACC-002,INIT_FAIL,"Premium Insulin Syringes",variant_c7f7483edd1b,variant_c3a26084dbbf,True,False,True,"{\"data\":\"Failed to get checkout URL from session\";\"name\":\"Error\";\"message\":\"Fail"
MBM-ACC-PIS-ACC-003,INIT_FAIL,"Premium Insulin Syringes",variant_4c250a7df52c,variant_a2d03ccef922,True,False,True,"{\"data\":\"Failed to get checkout URL from session\";\"name\":\"Error\";\"message\":\"Fail"
MBM-ACC-PIS-ACC-004,INIT_FAIL,"Premium Insulin Syringes",variant_99d1ccedc16d,variant_931b6500c36f,True,False,True,"{\"data\":\"Failed to get checkout URL from session\";\"name\":\"Error\";\"message\":\"Fail"
MBM-ACC-PIS-ACC-005,INIT_FAIL,"Premium Insulin Syringes",variant_43f9b283d699,variant_9a73a65a7bde,True,False,True,"{\"data\":\"Failed to get checkout URL from session\";\"name\":\"Error\";\"message\":\"Fail"
MBM-ACC-PIS-ACC-006,INIT_FAIL,"Premium Insulin Syringes",variant_8502d80d45e7,variant_3e857d793904,True,False,True,"{\"data\":\"Failed to get checkout URL from session\";\"name\":\"Error\";\"message\":\"Fail"
MBM-ACC-PIS-ACC-007,INIT_FAIL,"Premium Insulin Syringes",variant_6cbe1ef35a37,variant_9ef1f4034a3b,True,False,True,"{\"data\":\"Failed to get checkout URL from session\";\"name\":\"Error\";\"message\":\"Fail"
MBM-ACC-PIS-ACC-008,INIT_FAIL,"Premium Insulin Syringes",variant_16ae949928a7,variant_c973b7554d88,True,False,True,"{\"data\":\"Failed to get checkout URL from session\";\"name\":\"Error\";\"message\":\"Fail"
MBM-ACC-PIS-ACC-009,INIT_FAIL,"Premium Insulin Syringes",variant_c87e576e05b8,variant_aeb00e63f0a9,True,False,True,"{\"data\":\"Failed to get checkout URL from session\";\"name\":\"Error\";\"message\":\"Fail"
MBM-ACC-PIS-ACC-010,INIT_FAIL,"Premium Insulin Syringes",variant_9a38f195576f,variant_7a4b019ebb36,True,False,True,"{\"data\":\"Failed to get checkout URL from session\";\"name\":\"Error\";\"message\":\"Fail"
MBM-MEM-SEM-MEM-001,MEMBERSHIP_DEFERRED,"Semaglutide Membership",variant_6973906c4bd6,variant_6973906c4bd6,False,True,True,""
MBM-MEM-TIR-MEM-001,MEMBERSHIP_DEFERRED,"Tirzepatide Membership",variant_b3890c799e09,variant_b3890c799e09,False,True,True,""